{
  "best_epoch": 3,
  "best_val_pr_auc": 0.13423445294518616,
  "best_threshold": 0.895,
  "test": {
    "loss": 0.6818435522423921,
    "roc_auc": 0.9126088950022925,
    "pr_auc": 0.14303090426193774,
    "accuracy": 0.9609164420485176,
    "precision": 0.19298245614035087,
    "recall": 0.29333333333333333,
    "f1": 0.2328042328042328,
    "threshold": 0.895,
    "n": 3710
  },
  "splits": {
    "seed": 42,
    "train_ratio": 0.8,
    "val_ratio": 0.1,
    "sizes": {
      "train": 29675,
      "val": 3709,
      "test": 3710
    }
  },
  "device": "mps"
}