{
  "best_epoch": 12,
  "best_val_pr_auc": 0.3018507788719943,
  "best_threshold": 0.84,
  "test": {
    "loss": 0.6291616036885511,
    "roc_auc": 0.9334030261348005,
    "pr_auc": 0.3060111649593463,
    "accuracy": 0.9690026954177897,
    "precision": 0.2872340425531915,
    "recall": 0.36,
    "f1": 0.31952662721893493,
    "threshold": 0.84,
    "n": 3710
  },
  "splits": {
    "seed": 42,
    "train_ratio": 0.8,
    "val_ratio": 0.1,
    "sizes": {
      "train": 29675,
      "val": 3709,
      "test": 3710
    }
  },
  "device": "mps"
}